name,latitude,longitude,altitude,buildings
P_0,79.83511521504713,28.35933205974999,5.216616781334579,33
P_1,18.253830687280697,37.228531610226156,-20.538864269299168,162
P_2,51.436540552493085,-8.196609811931339,-98.48152347136335,24
P_3,33.74937444629455,-54.81076947716996,-29.78026062389803,145
P_4,25.28281753711697,-85.69138426760779,-46.855222894324356,127
P_5,-19.363193211796045,25.650382031787174,-25.510097089378718,174
P_6,36.593962158713964,45.58714873021137,51.02931419110715,126
P_7,43.35156763641845,56.5912252583673,-60.956102497141714,127
P_8,64.10186403459636,43.46525251584194,73.92730130673743,185
P_9,54.111227191383136,-37.97268720758127,-26.13042088952983,48
P_10,68.60611440546822,65.02783890689977,28.38416593109295,127
P_11,-68.92751061579798,-59.23485139846927,-26.08667494863002,71
P_12,-19.397212941393576,-28.794456703746036,-40.64239432584274,164
P_13,81.06425112461429,31.724711044471206,24.577207521876886,161
P_14,-41.83121062140918,-92.82433677198038,-30.968343038145264,69
P_15,-78.41875977110269,-59.17902259851184,-39.63867297941395,148
P_16,-8.816374285019847,-59.567073775581726,-39.461788509707254,35
P_17,95.33090610003521,53.87648764978127,68.47177670744517,47
P_18,9.304785490795524,-57.67927578956491,43.48490330440711,167
P_19,-17.13502538505665,-0.6356104276457728,-84.09220288536723,32
P_20,50.959927689694496,57.986687226667414,39.578693440495044,139
P_21,-1.0043616795142611,-42.36547616047699,-86.40587054165256,10
P_22,-17.618603941758224,-76.23770003219249,-77.90210034106855,86
P_23,-84.82840253067374,-28.744180575921845,-62.352426753083215,71
P_24,-52.79418694803164,74.45445555577064,87.74726020949873,197
P_25,90.00893686600088,73.20495224656881,-55.34269387834352,106
P_26,50.9750694307335,-38.75551667452135,78.24673525748398,49
P_27,-46.84681289428367,46.40500183370713,92.43536899741872,159
P_28,72.02493035152403,65.34456697958461,29.683874575452904,64
P_29,-27.860132026424594,54.67865807553062,18.897915693873173,23
P_30,36.28310854577413,-66.0161159508128,-99.45829512291684,18
P_31,-79.03883831477832,-99.26486062140798,19.45192204232167,136
P_32,-36.60505438664485,36.52977067930041,81.1687724163825,44
P_33,3.8569435842575928,36.17361630114456,56.886775609344966,199
P_34,33.248293137387634,72.87211790947202,-14.39845657843415,152
P_35,-68.99348882757172,0.7101924091339953,96.26421521069787,175
P_36,-38.147012017458714,-92.65252773642563,-62.95543991254273,144
P_37,31.404917379529024,-25.03766376475194,-18.10740338922372,184
P_38,18.609253212843967,-61.24385845372464,82.02063067704978,181
P_39,3.9667925761978466,12.878557947770844,73.95344590288607,136
P_40,-77.22364329012578,-14.879739161969653,-7.100282757683601,110
P_41,52.23331055663968,-41.81739422555224,-21.29535033661614,66
P_42,44.71737487133203,86.9575743028908,-48.36846683393124,62
P_43,51.59088605366685,14.33044203057024,-73.84273082325028,103
P_44,27.535885320728042,-32.9213833659275,65.46728501809167,72
P_45,51.500956822869966,-33.471329081507804,96.88275427292524,120
P_46,65.10807843505694,46.852127539044375,15.030181886517099,174
P_47,76.85040663333896,-36.6415609446082,18.289945291010497,89
P_48,-89.47630599409251,34.24942633572928,-3.6711445240095344,139
P_49,-52.10552739216154,-96.95185396201897,-12.936412899064905,62
P_50,-41.07018135993907,-37.012677097814596,45.93139055976755,138
P_51,74.54563374419416,75.34995154978273,45.60890279801899,135
P_52,-86.05501962705463,91.56864466729238,91.41868160101788,177
P_53,-62.31445249096821,88.96643754097252,5.753949809164553,97
P_54,-59.85188402267845,-13.208194910213138,-24.194340573321853,167
P_55,6.660194598090158,8.564468042900558,30.167498488718508,155
P_56,-43.14521087398755,-55.60656147980436,-49.11988551981168,87
P_57,69.44877715804662,-55.52761837503615,-81.32707931693301,100
P_58,-92.37000833471043,86.48000645377363,-73.54328993099959,168
P_59,84.4234316109621,-35.406018075824235,57.40922029760506,76
P_60,41.956648553174944,-11.017802241059329,-79.14781088447364,174
P_61,-87.34633058589816,96.04336009877824,6.990525969038401,183
P_62,29.07090365136233,-67.3459788824126,49.902481019187206,69
P_63,47.57402872816951,-85.19720643468492,56.12432089392786,130
P_64,45.79251448814341,30.369588609728567,43.84647645083507,143
P_65,8.221035487393792,79.57630279187583,-82.779172762205,138
P_66,-45.486805337545256,15.843581913588167,7.191348671562594,71
P_67,23.447106087357213,-96.45747788103817,-48.81643417192014,61
P_68,16.0644428754064,81.37018388250482,56.99788871802997,171
P_69,-18.98200602162086,95.37204706820935,-64.67059508450234,151
P_70,-39.223975776250654,84.59597503491315,-21.504270092310776,155
P_71,59.54857700617285,7.53156616468722,-24.402906160872945,35
P_72,31.594588614911686,-42.66595993419982,50.2670652113398,160
P_73,15.578629932930937,82.47643811703077,83.57658839155013,196
P_74,-98.08131403851121,61.62211071672857,-83.93946884127473,38
P_75,-57.981093774329004,90.15739768544947,62.79346920871865,117
P_76,89.32595908285009,8.613429575024597,-29.148966092752815,191
P_77,-99.319784854602,48.53651657662809,-1.577923577342787,120
P_78,92.63912474238978,65.82674819558142,75.60434575531897,159
P_79,4.698626675238131,-27.267972887122767,46.04905589875884,123
P_80,88.32855255090496,12.580625623546936,-78.51365355439373,118
P_81,81.77771595247202,71.40508356140236,72.68400314297517,193
P_82,85.55161726633821,85.22737117594056,17.395343025065714,87
P_83,-68.5788752269404,-47.51281777604015,-67.62593475481837,59
P_84,59.993807419182815,-36.694685578104554,-40.21088328714799,28
P_85,-64.78445238463995,98.65788920484528,68.11475052520728,29
P_86,-4.8785350384434025,73.26250008026014,-70.73225040042018,45
P_87,-1.0023155101590362,21.67975126606794,21.792824097634707,135
P_88,24.146705875004557,-1.0481264207089538,70.25883571058915,79
P_89,-97.74020452779497,-63.5488243823406,-5.909396647846464,53
P_90,7.330917518634749,56.10759043840764,-71.57007631715308,75
P_91,-84.53043188480973,51.16650575380146,80.90670000055653,180
P_92,-81.8748353804098,-36.872093933823265,-31.762373764423103,33
P_93,55.93786704285782,84.94894853751128,-50.59632576998616,181
P_94,-3.3038371431477884,-45.79160475433428,16.60882455098877,27
P_95,-8.593081664565403,-2.9387085677515756,-50.263681573049965,84
P_96,-88.29318772661405,-59.08200607357148,-87.49798400565925,29
P_97,87.66289539318592,-40.92457443424937,-10.458899917332886,196
P_98,20.207963911140098,33.06589994372786,-16.77542530567986,50
P_99,-50.18580766588543,-12.499158490812732,-18.28096252988402,11
P_100,49.72905327819734,45.559350694951036,-32.05754160719512,106
P_101,20.76979727407135,-77.62245154860183,98.04255238257619,146
P_102,-18.59304264346929,16.19328790859693,60.50111830827845,21
P_103,-74.70121977408868,-54.3203773513043,89.44351287922169,96
P_104,1.4084706039956245,-85.73939979993624,39.50238869084711,175
P_105,-25.232579046163025,79.64271887738076,-5.439598357041419,132
P_106,51.659997808390784,31.02328583975651,35.99088652902941,82
P_107,-28.4274719421352,-18.519115200325757,62.376562508318614,157
P_108,-94.9438850614134,90.40460917554813,-56.603022326387766,43
P_109,-0.9402607201209179,7.777233333808937,77.61897388645448,104
P_110,15.66470031178224,25.215427729862398,6.717914160841019,156
P_111,45.86546983984215,-20.45546935693143,-80.15002103945554,18
P_112,-99.50414256737592,-59.447049892170575,85.1410233832346,113
P_113,48.21306985501968,65.37492118640614,23.978840122872995,116
P_114,97.14020138518816,-37.713743677836106,50.859543586147055,64
P_115,94.28208513658228,-35.707022522747494,63.28385563278081,168
P_116,-64.85104192840481,30.87882441247055,-8.575231058415,190
P_117,-15.081080805262786,-13.159637351614066,91.19126662734408,116
P_118,-48.15995606310226,85.2276676625336,-63.91332762121351,82
P_119,-22.83103699410991,-55.12171948550417,-39.572549463009544,95
P_120,-50.0101291424556,41.359370741809585,-50.58078579328957,173
P_121,17.466408256189013,42.69664153111455,2.4683988421061684,143
P_122,37.267644854142986,32.74504950513014,94.45805068099921,51
P_123,-18.435343179494623,50.66695275500683,27.381206663519777,198
P_124,-21.574071890428925,-21.069130789987113,87.51979457679315,117
P_125,41.31967071572362,94.02804248528852,31.74033711456525,155
P_126,-4.414465285433607,-66.41360707697129,-74.2910701269641,82
P_127,60.06040405585341,68.8657465982566,-73.89833965083051,157
P_128,-15.036903519557725,-47.13481162017732,62.695316330117095,116
P_129,5.411839944132495,-77.22157439290733,-74.61862377681432,196
P_130,-38.6248530074123,-13.835262459268733,93.14570617683299,169
P_131,49.97173978357063,78.70388708680002,0.8146810950435679,169
P_132,43.13927031785454,93.8128336435991,-10.700521144354937,71
P_133,24.01090212267887,92.06675005488296,47.37501295442786,51
P_134,-58.79072025607459,-1.9915965792919366,9.640318120261611,36
P_135,77.75880099975817,48.62513773956516,-72.21115476247849,84
P_136,-91.49790216740148,17.05743693096329,64.11530184279675,180
P_137,-35.859328016590226,-6.605769953759918,-28.04783285750827,161
P_138,54.28891400765298,97.79303376816884,-65.1588334159028,51
P_139,-13.398993022149995,-49.85928411594749,-25.63245425132665,185
P_140,-69.3558721074657,48.90914576879314,-7.347878288318398,155
P_141,20.71516066322208,35.504848592579265,-51.303976776602966,127
P_142,-9.539805452430855,19.537425776904357,-32.46280849631931,94
P_143,-66.97181590195703,-64.93502736817405,-83.56548391727164,35
P_144,18.58015083529068,-14.807722117136436,72.02497392071567,105
P_145,-97.67221144485572,-45.37341467285118,-33.17563092519207,169
P_146,56.541526963798674,95.8158423735214,-11.089265138376959,33
P_147,-4.171858168427178,-85.47885517819051,-46.84659018980324,84
P_148,49.31193808855909,95.38001694085025,-39.98521175127361,36
P_149,5.659982470476393,81.11646054059233,33.05975524125708,123
P_150,38.03923712411995,-90.68390380482352,-32.68180300976229,173
P_151,89.64118383591452,-33.59092251230658,-20.52822466729009,43
P_152,-15.879992067204142,-36.41663489082638,21.968523235440387,150
P_153,48.3273861942906,-48.46040158017817,6.8020012470765465,105
P_154,-4.395951699620099,61.6550679038867,61.580352652919714,83
P_155,91.44857644477526,-24.421225685771958,90.66237339447363,166
P_156,2.82911572389564,-47.10606017831853,-59.182040205602334,64
P_157,-55.528673815655935,26.540733460122695,21.915754499131168,113
P_158,57.47329526405801,63.265403744575224,21.301291434403225,157
P_159,20.058540956072022,17.823042192299667,45.28737728023316,94
P_160,-14.311286138059586,-59.069666770147,-21.672415021162863,21
P_161,-46.53398349864093,17.4621206565388,-10.235421964330385,167
P_162,-10.333270481485187,-5.590168140908446,-50.13326572866066,61
P_163,96.15097733441175,-1.4281803491632274,81.2869198136076,63
P_164,28.900324860918886,37.62848866629582,-9.626727399420616,27
P_165,-30.608675050962006,-44.77176298134269,83.50085712896535,178
P_166,88.7125143953358,-53.150275991827954,85.55221080125568,121
P_167,48.8696480228956,-20.247082473933318,-78.7164434129993,83
P_168,92.05998304427897,-85.5224841076365,-48.472627705630345,189
P_169,-64.94235363727455,-57.429581553465695,-54.48310100706746,192
P_170,-18.05927151369619,-14.945399200980077,55.682864685392445,120
P_171,18.118525355276674,-10.852583939569897,73.93398957705429,105
P_172,23.58513588899835,52.56841582974491,67.94759841559099,90
P_173,-9.841651611585107,-69.2580579076809,61.11993171316493,95
P_174,-98.2238680940482,40.28254864680801,99.07719882451966,30
P_175,58.85801127920806,-41.57998541106123,-27.0793829102564,120
P_176,10.692038836821254,47.57883421429344,3.502304369526101,68
P_177,45.784057105027244,-32.85018446581624,-39.24184106597799,63
P_178,41.63381150071331,3.1562419769296923,31.925353232364415,50
P_179,-46.89714231229465,-60.42033538222833,-38.93654800628972,147
P_180,-62.75234816799611,26.851608803295406,45.85528510159472,106
P_181,8.977286796636548,85.5831767456757,24.963979846895484,185
P_182,40.979552000664654,-26.532522159150602,-65.92838917030264,112
P_183,80.3550641042755,-28.006013410254795,62.17344898045866,138
P_184,13.646736394137221,1.0028736253274104,21.081756983445942,79
P_185,30.68886278332249,83.3395691907468,-62.59721144103667,109
P_186,31.903506352570076,34.031903364094205,24.252483755220084,14
P_187,-23.78914984690725,64.27454348740028,-97.85124656036797,167
P_188,71.57746585242407,29.099603265852153,10.726609155609921,81
P_189,15.86913359670001,68.69650075134831,-38.52300145901479,70
P_190,78.46337917446579,40.24023790892443,25.976421427615023,95
P_191,-18.018074896267507,94.9481277152465,-58.26032561532297,175
P_192,95.22617462468986,4.9751867175195486,94.91115836707405,72
P_193,11.862128738554546,-42.54385954858262,11.144337389098297,91
P_194,95.98579875607126,-85.90955047461067,61.006741131331125,100
P_195,16.415797867217833,19.44224279183196,6.241665450162515,44
P_196,-17.37947187948481,64.66120230125108,44.161536081463964,72
P_197,-13.647216437546234,-94.4316835724307,93.51130503681975,167
P_198,-0.2850234274875305,-1.8080725120637453,-25.996759819415388,88
P_199,-95.87660865103554,-55.795584756065544,71.82452851339545,130
P_200,-97.12123756678707,69.38088503452676,32.77243087078983,165
P_201,87.60659480732298,62.608117529794725,41.71599045544019,0
P_202,-28.862077699329802,56.71912205946779,-70.68565024383042,112
P_203,50.49888991876011,-8.828912214782122,-25.403378474861583,8
P_204,-98.33845997921628,-92.98380685128484,41.71069390792695,18
P_205,-59.03332020456094,0.4571951602793547,-87.79531505419276,177
P_206,-10.024753778565596,13.227966712022692,33.365582981532185,1
P_207,-3.9676544354034746,75.91320339569054,41.98870329810629,144
P_208,-7.468775157613379,48.72916605404413,10.068521984315694,170
P_209,-98.52699467192014,9.159696826019797,30.389335041150275,148
P_210,62.394005192404705,-20.048356374857647,-55.77140357532693,145
P_211,75.09959213065207,-26.142670809008678,-45.405756284762155,152
P_212,73.58023072962817,57.49160507602312,-75.43121800580388,57
P_213,68.29336040892173,-14.348338530756791,-5.9225433246424615,2
P_214,-6.274761247636945,-89.72743732686064,-89.47360947633483,110
P_215,90.55980889935358,-77.923007377963,-88.5622351835824,54
P_216,92.88774279346796,28.38186072645391,-16.196849317509248,5
P_217,58.71151049095354,-67.0672028879809,-71.53599065355431,156
P_218,14.533474740095926,46.74314704780943,61.304989348493365,45
P_219,-60.818359160904876,-1.5519453926412297,78.20294422401227,22
P_220,-41.64731304637894,-31.58456631335862,21.213756986740037,144
P_221,-14.731070554983702,-2.273926069495417,31.876925761937287,27
P_222,36.40135126853201,-54.11818456803783,-94.59502925895164,40
P_223,-14.835491676470625,-75.16836330605881,91.69597406220959,148
P_224,6.312620944316549,-9.110139995168126,-94.78304128226533,141
P_225,19.142206735552023,-23.238447565877564,-98.21866500584302,133
P_226,-13.387864246687158,61.81255597875503,52.0330394836447,64
P_227,98.66032719133733,87.57922296903749,86.05156548671508,72
P_228,-96.4123475349607,46.03828338338653,41.62799362963054,131
P_229,83.77805007456237,26.583961898001604,-7.608465947889954,41
P_230,48.61010705285341,55.15590630428733,-4.357949454710777,174
P_231,-68.6638351874252,-72.01991240953005,-26.655445786282513,168
P_232,85.37869188212522,-21.812407738108618,36.31701990002071,137
P_233,63.63888420479037,13.229914345784437,-27.776815775394795,100
P_234,66.76279422805027,-28.527465193515297,84.68810538930032,167
P_235,34.17124741680087,95.9055758030706,-88.84720707441933,162
P_236,23.39382190911965,35.544678732414326,-25.43257072291307,38
P_237,44.31881435829004,93.6771781575658,96.17906125007383,18
P_238,56.15965237261739,71.23361346634937,-76.65020453960298,29
P_239,92.8016495784766,-29.819998451968928,-80.82442364848157,159
P_240,46.459163042488456,52.765364928945985,56.95030195910806,145
P_241,29.77286021447378,82.87894953261173,-30.42318013279082,99
P_242,50.398297691087066,93.07157653374139,67.50475088919333,107
P_243,-45.2367424824081,-77.90594490032395,80.56624132635775,89
P_244,64.62457704963137,-93.83818644332223,8.964794389328773,57
P_245,47.12783814987725,29.51991038279604,-76.46582315537995,165
P_246,24.05234238657323,70.05450440891403,73.34716619164442,165
P_247,6.160656228728229,-79.75883986770138,-82.90029132764852,88
P_248,-64.91742183676759,-48.491863059786944,62.47535299576069,98
P_249,-59.66080820658015,-37.32332121956916,81.99497693650764,59
P_250,85.3872818741421,-19.485201447564833,-10.457631703397468,112
P_251,72.89198548291029,11.111716459737636,93.36716337342199,165
P_252,-15.571236903961136,99.54382696668006,51.50707245791003,163
P_253,-93.18066161494718,31.36220210689956,-38.80812349022902,62
P_254,90.77295779328239,83.21607872982608,-43.25945975275456,12
P_255,-98.83090043973928,42.490035443704215,-41.534498907227956,194
P_256,-90.35381572745393,73.60710216774223,51.92266314027563,84
P_257,-40.12404817412922,43.61851405520093,-43.30872014183007,165
P_258,-30.208041336154807,-84.47326838826179,-63.110657254120596,188
P_259,-49.97118077938831,-77.3596343354604,-12.519091430855738,173
P_260,28.810616174254704,-52.17508236409905,83.45620033297172,198
P_261,-28.041011747083928,9.09239793992154,-34.06150996890899,179
P_262,-89.77372027543396,-59.19701395734982,-52.40789845913491,155
P_263,-83.6469694375313,35.077371921784646,-26.624007477999527,134
P_264,-17.64591281423276,77.37871400881707,97.530581500182,16
P_265,-61.59673490000848,60.338134921979304,-49.27937241275389,111
P_266,89.58896062887408,30.428825965968628,-26.978000347807395,54
P_267,99.51034603143972,61.18085617055735,2.646284629719247,163
P_268,-3.9103545373117043,-44.156162429191184,-25.83695977485729,178
P_269,68.52107722227933,-47.326832314937704,11.334685406896327,93
P_270,70.20902810263911,-72.28421694834164,25.783037627716183,43
P_271,69.63152973912096,-4.9389608342856945,-65.75577231350935,133
P_272,-29.487396037501966,71.5158236701852,-4.075785016566201,108
P_273,-44.115231300492084,34.51392442735943,-95.10184682221102,135
P_274,-40.691668511052285,-53.93601622167701,-65.07079691034721,192
P_275,-81.0461063907164,83.57006144646516,-65.73679410181323,190
P_276,52.202620581120186,-19.238589732694194,38.344569402873816,68
P_277,7.814136280191008,99.16773789372769,39.82653323540384,141
P_278,31.707060213165505,35.837432124197875,99.67468543094299,141
P_279,-61.46832053480027,88.63588555766935,80.5300383938011,132
P_280,19.869759478410657,41.87331184313575,13.174203764601458,65
P_281,16.40074486200149,-73.12069385996816,23.44501404146537,62
P_282,58.99186604361688,-65.43882652510067,6.873665600685925,117
P_283,-45.55196423554928,51.93395095553478,92.66419203739915,87
P_284,30.353665008689603,-22.980575149366672,-84.41300579044098,63
P_285,-46.315491327496595,91.27771838479404,38.835864978958284,160
P_286,96.90696148787777,-54.23906994910579,-72.1549067751265,128
P_287,-84.74816544724023,31.87185793005972,-89.3160714172351,51
P_288,-52.54236499075464,-34.92962573689779,15.822740647425775,170
P_289,-56.38501575499748,-39.10849187045786,-47.22736740228763,42
P_290,-41.93191503662537,-26.375091861143773,48.94806392571692,139
P_291,-26.31549035163438,98.18448868294749,-29.85150017980081,140
P_292,-73.12926351928503,-26.289831387409762,-74.95945919814812,11
P_293,-3.5727279839538966,19.76954566509876,1.84097215079872,23
P_294,-75.81799657619521,-61.146333588356036,-29.735562551043103,192
P_295,-83.96653258881418,-73.49702107971848,65.44435683836628,4
P_296,0.6291245806006742,49.50931136699688,-4.3067349380651905,180
P_297,69.7771050958041,98.24582946817247,-87.21197331252213,112
P_298,-76.24330208353187,42.15240370714318,32.29106014974954,149
P_299,-97.16550403331672,16.748508744453616,-42.30534057801771,75
P_300,-71.40758684793546,98.32812471968998,-1.936956688401409,37
P_301,-37.402922784129025,-8.367907179752692,-3.096947360957955,57
P_302,66.85224213544146,-4.145291603524328,31.58323578267064,87
P_303,38.82994663880223,-72.78262414144928,-48.45038747719632,161
P_304,-77.380300745905,-54.82096193675263,4.6821537124655634,150
P_305,66.45716770783255,-94.50555860300302,53.63923579733333,173
P_306,35.71347204342655,82.22809618975171,-40.41968100976177,72
P_307,-57.263016718192404,53.137966448682505,-92.1063123214363,179
P_308,-68.76550221559212,-25.313478909351034,3.1710918566049315,69
P_309,-23.794883392102406,-74.28976489147728,-48.58989050676576,117
P_310,-0.8474877996170562,0.36007189681306784,-39.96852920810117,121
P_311,47.57727649660262,-86.40567012373288,38.93430599410286,16
P_312,-20.36060729526676,85.25436977082751,-50.36154308124281,67
P_313,-44.97274235450934,-60.00479111860424,-52.65754023738416,92
P_314,68.73830596171678,36.33068912309264,-66.24189120721964,63
P_315,21.55585857899824,-30.56306098140938,80.58368620575678,139
P_316,-18.567981529392313,75.93300789988035,82.35747805985264,11
P_317,3.3409401539697683,14.475310447563544,41.33500672660543,160
P_318,86.70780889471129,20.372678827169935,-26.174969082279034,133
P_319,63.32882769186918,88.11698589713993,63.566731553190635,129
P_320,58.80110814250716,54.87248548724864,-24.76691228955565,153
P_321,38.149602576042355,89.66052587312703,-82.61025205621073,0
P_322,19.47225032412237,33.5244812490871,93.90277975569924,128
P_323,31.548499103324218,-90.77182094987288,-83.33881065370403,121
P_324,85.61139039624169,-77.0079664389465,55.86328878917078,77
P_325,79.49996777006137,-99.61245712574103,34.07413449201607,53
P_326,17.229503403727932,35.454622944994895,27.34298177886349,22
P_327,85.28867095022096,97.7419021124636,-2.87977091061731,3
P_328,84.35454207806956,48.244957064093256,-41.03262032997404,181
P_329,44.2240892541499,-73.8950743678277,33.255323858759226,8
P_330,40.29233547756624,-56.42880983521981,-42.016610901876675,181
P_331,-31.204353864637042,87.78559006623564,-7.373273108563481,85
P_332,-47.48310805157945,-52.69186682545446,80.36197640664855,199
P_333,-2.045897241629973,86.79243199351794,-10.839061967076958,115
P_334,-67.78736232940948,-64.10700886367988,-5.535619248711242,150
P_335,49.47773693903275,-77.34374822904866,-19.20992071729522,196
P_336,-63.47686414784049,-11.567153128509617,0.17254053860371243,42
P_337,-87.24000446523968,16.26995058087968,68.01286860831368,129
P_338,7.241511340399015,13.963500506896793,59.936991364322125,6
P_339,-57.98295694520299,77.95808354758165,57.4014809559566,162
P_340,27.342386721282665,4.24162532098687,44.83020670875925,182
P_341,75.96000282321594,89.5168452342927,96.09453104194296,101
P_342,21.361695715957254,52.27053959520603,15.95799541335741,27
P_343,-36.08030436304119,-8.934260661369649,97.25767640133768,175
P_344,-6.600620989412079,23.940424121829437,-61.00862584987172,12
P_345,-93.14553464536213,59.62828209216485,-3.0051131883211326,123
P_346,69.48634367112521,38.84555074857866,3.1382379143361163,91
P_347,84.37792542712447,45.93809111551897,-68.93975155027705,59
P_348,-37.815345758051365,61.04511638745606,-30.805463048864993,24
P_349,22.66485206563462,-24.711648919341258,3.363934432256869,149
P_350,8.211123020283011,35.32298739140464,-12.664611282478361,50
P_351,-58.30306431917223,-37.16197392155036,47.36841950611941,62
P_352,-73.74380565103198,79.87895160261468,42.47028562297319,183
P_353,79.32791574041275,45.42686830878705,49.17845260115308,110
P_354,19.269668574206065,-58.87674664988871,-16.351236773508916,106
P_355,-52.801460689342925,19.44521734730546,-83.75935829220889,179
P_356,78.05472357025013,10.759216499191382,55.26385348332897,47
P_357,78.18217251818194,97.33168454183155,65.96880697621313,115
P_358,1.265095904899269,-84.93348127357854,-7.063015900253163,29
P_359,-50.14898539974651,26.501502991780995,-7.089239971850759,156
P_360,81.45665069001521,88.10492252720542,-93.06664996358052,97
P_361,-45.37975873710101,-16.449687906638076,89.17673528086084,78
P_362,-27.48941947297014,-59.266659166530886,93.02697596368449,41
P_363,-42.16397195053712,97.39851564481617,-17.86406779613914,44
P_364,-79.49590392086729,-34.36213818338642,-91.58926419319373,70
P_365,16.725882801741648,-55.36387435336272,-30.070929101219534,64
P_366,-24.891135571944673,-72.05371304688832,61.62651191354988,52
P_367,-45.51872848787599,51.47847979526276,-65.96519189538795,134
P_368,52.84109539550229,92.16861419758428,51.921861087178144,49
P_369,17.473381205517185,-43.428376824615626,76.78319895724388,143
P_370,45.05490650163338,-34.80912110798231,69.96767051381752,151
P_371,26.893717287612787,32.014790936872174,-37.41819760660749,131
P_372,64.54766995589978,-24.49561069214714,58.228788175996584,24
P_373,81.76256372589273,-88.24494438160635,-53.79359327946951,83
P_374,99.62873436494962,29.43622180198892,-63.97708370193844,44
P_375,-13.944385994920736,-27.87472528170028,-81.60645113221818,35
P_376,-86.11067039522979,-3.003962433087338,33.02172838604366,117
P_377,-48.19433143486685,-75.88476142310276,56.93453197814037,136
P_378,58.60186411965785,-64.1274065692494,-42.658733452888534,23
P_379,22.385006495520642,44.68860108619967,-75.26350985235581,117
P_380,72.44962837690736,-15.081146296410552,35.400815475972394,169
P_381,-49.93915098444486,85.09986888672438,-47.754853049470604,159
P_382,64.712490273676,-26.976074760602884,59.06917135657085,150
P_383,9.31066096405442,96.32055748636895,89.44042139402777,38
P_384,-11.949354762152183,69.27278481312368,-33.882070706364814,28
P_385,-72.36152879992667,-7.76019458370105,-74.08745401684882,120
P_386,42.29705353258913,26.881814258631607,-75.71489920314274,124
P_387,98.62890322021522,18.535876919509604,-34.09325090426296,68
P_388,87.33873219993237,90.97731532980268,61.57584519006562,32
P_389,-40.89659417484026,-97.66577413333681,35.05430391763497,8
P_390,9.551553313274326,48.862373044410475,85.06780053149089,113
P_391,38.355682286120384,-51.53032970226128,75.39410322551035,170
P_392,16.54928786732384,12.322698958865004,-47.25628559242252,3
P_393,-68.278406867879,18.649789606818985,-22.326319023748525,179
P_394,54.21624873467857,-84.67604481784659,-47.113028675696555,138
P_395,75.03481236649486,-78.97978981993697,88.13043783020953,191
P_396,-7.047543893564395,9.184971709954581,1.5143747098855584,2
P_397,-7.921567589753465,31.14907139333809,-10.97063906645704,75
P_398,22.95404002523742,-29.50425757566299,-33.400808898343186,67
P_399,97.80887801866257,86.42000245542539,55.15807488862953,44
P_400,23.630795078084958,-40.436443858233886,41.01689663679559,184
P_401,67.88762602799704,35.61685386458123,81.84957918853476,143
P_402,-51.703115382405706,53.215582329189886,-11.744893354046354,51
P_403,95.26479497846415,66.70723014877626,-43.74481454130852,180
P_404,-95.47252179450587,-6.281177834046559,35.686551671467726,110
P_405,11.090614946247968,-93.14002317355057,68.21925847571632,43
P_406,-67.91159566116134,6.995567575031075,50.06071031038206,33
P_407,-75.96944729674155,-23.928640928100393,-71.8048568814651,171
P_408,17.287160712119885,57.4668989099367,91.43669033744732,15
P_409,-18.917553192840614,-2.112301723507784,76.71796895183869,92
P_410,-93.49921716490783,-90.4618590972399,-24.066502802889715,13
P_411,53.55785289163754,5.899750309016767,71.27014014219534,82
P_412,-79.60878669079801,92.34292569720293,-67.67809068676034,93
P_413,-88.64597328800909,-44.22897207669083,78.36204521176745,94
P_414,49.12401330044608,-5.763666629428059,89.57334655901442,80
P_415,22.973675831132567,-57.988149936601815,-5.915409240747849,117
P_416,75.95411161480098,-64.36209440314431,66.84491467059624,136
P_417,-72.08031813040506,87.7663453382934,-45.44639475497758,163
P_418,-47.43495636715189,32.537293533696044,-90.32209264241138,26
P_419,-83.31680399446238,97.79704608109975,-6.92349529312682,36
P_420,-86.73559675799179,28.39273695470476,-8.518704223322104,131
P_421,-37.72142463595216,6.496823600071508,44.94761704770224,87
P_422,28.179338036975906,-60.4513439952683,-0.3928339727690826,88
P_423,25.68551997310024,78.47211664165914,12.79749412510931,25
P_424,63.28117558281954,80.93647535800065,-93.07015057350165,88
P_425,55.073774840393185,-17.82381806826652,9.914919921813436,59
P_426,-87.25336463657032,0.418397248114033,74.93740516571143,86
P_427,-62.136223893677055,74.73512303752537,-29.423171755135044,13
P_428,74.8215006478103,-57.07624636245583,-55.8558589927661,47
P_429,58.01213766453219,51.137334571732225,85.20279935450438,145
P_430,-20.721398643991435,48.24954312557645,-48.31863637612302,65
P_431,61.38137974098089,-80.90369011183462,-34.20935034328639,23
P_432,-47.370361550304295,95.05811636164836,-82.11441915737221,16
P_433,-34.85099362058874,36.79615648774913,20.905433272785274,185
P_434,88.664723589244,-10.271805242351078,-94.86652613191946,130
P_435,34.56733238297335,10.315704824149435,32.794148675084415,126
P_436,-82.61449431616361,-84.09965773976083,95.03191568762412,113
P_437,63.69856790481941,-75.11574413665072,-38.40478319635257,140
P_438,-41.48777947329554,-33.0559951097587,35.61190813740288,179
P_439,10.513978039937228,-75.52043895284355,52.76410782106916,14
P_440,-28.334365305551586,-24.19992688688791,32.815662572124126,142
P_441,-86.58248088257577,3.5662571921104984,97.55080956937891,190
P_442,-37.405559560461676,7.293197699860983,50.13034755471804,21
P_443,-5.53312532115973,-77.09604073397225,29.862206606034192,49
P_444,-90.97640772066137,-86.1161828399,-97.46171820792571,177
P_445,-15.479454758959932,-82.24291022890924,-96.61883371813416,87
P_446,-29.0411286037576,-1.539642234459933,48.38110320681119,162
P_447,-47.19354358730976,44.409732882717066,60.33112937025385,89
P_448,97.6123765746849,-33.385768204681625,-3.144183973566058,16
P_449,32.678807004599946,-54.73157399381465,26.705440875651433,157
P_450,-99.8852096907721,-91.12044954464871,54.45490639035202,22
P_451,97.83496674996081,27.873234978718116,-5.564578041295533,53
P_452,60.809431674572835,2.643362592997647,90.48706636457388,129
P_453,-3.2052187958050666,80.76726652900061,94.48786647422395,150
P_454,24.6506570193785,-24.787742364242945,-50.89396339994603,109
P_455,-2.8313437939133195,-71.29193575907007,41.60391918889829,187
P_456,-40.43470673404887,61.39499571391204,63.55490690010399,190
P_457,98.46111227569793,10.891117958270513,-25.1314187764778,134
P_458,33.82139745427003,-96.56984508258957,36.680920843372434,100
P_459,58.71621840762586,-38.36866076890857,-69.28741475643608,74
P_460,97.42846286057107,-47.999124760368204,27.59861936358081,122
P_461,81.79239131996167,26.823357235868215,-95.63803948572345,16
P_462,-96.30237962000072,-68.1452037754769,20.792959650137362,155
P_463,-20.151023147106613,-60.97379540009544,73.79162858209011,184
P_464,2.971352838999337,70.37403123060511,27.342994589767784,159
P_465,33.60462415877157,45.77066212279601,48.032357129743616,47
P_466,95.06161216193647,14.167987002517918,25.763277354345377,59
P_467,-14.409359012884892,-48.388078013843504,85.70719653612312,86
P_468,65.81357458108727,-17.569460286208624,88.62210183514622,104
P_469,20.958027288751197,89.46187760395884,-83.31614912139322,140
P_470,-50.820663253152134,12.89909319952389,-96.55530878445569,29
P_471,54.08217951693962,53.89246733038712,68.80210163381474,83
P_472,24.039932059357213,41.005115977616526,-2.3442512826733264,185
P_473,-36.18585949633433,43.749449406736915,-63.67271328120787,126
P_474,-54.22275725867398,-62.3357928084072,-2.057831595315676,88
P_475,-6.399031252181928,65.7881588861637,25.491519107609577,148
P_476,-26.855618909858563,42.19956388602125,-7.2032572501520065,22
P_477,8.294982331925297,85.01788528299977,71.15393821018262,134
P_478,87.65365062076222,-0.04953546192642477,-62.27495820959308,121
P_479,88.24829980882294,89.67443612056499,-96.75933085510586,179
P_480,39.889235815601666,30.93836019743003,24.468427759663356,53
P_481,-17.63087234032487,58.889005156976594,11.685453991003584,163
P_482,21.8923767470107,31.591089291876386,-56.96478919572676,153
P_483,73.10728323433955,-56.401682237066765,-77.73613531790781,124
P_484,-11.317224991373266,-48.76058655282767,10.947052839719234,190
P_485,-34.87007807172537,-57.55487217265991,8.27909205467266,86
P_486,-1.9655794388707193,-4.3856086903465155,-49.97340970249133,121
P_487,24.461819603804244,-57.373520440208914,-14.123551124174554,196
P_488,47.194823920732006,-80.43422380013992,26.317625085622367,125
P_489,-52.937845664405536,78.39211113228467,54.40130956417178,25
P_490,-11.334215389383658,1.2816632926445664,-32.888459010199014,43
P_491,6.497128639963947,6.638848080706623,-10.612246242079351,102
P_492,-84.25815588058303,-32.2845074328073,-21.26267580388152,112
P_493,45.73477833895913,-63.159046767065476,49.61860754929373,139
P_494,-45.44671471727681,-73.51139996121978,-34.39775119203638,46
P_495,37.41257001409869,56.32729093917126,-43.48698489510405,175
P_496,-30.371383537492136,-48.68463181104576,86.35870081575425,165
P_497,84.28047702219217,-26.510111992858825,45.2790441469204,117
P_498,-69.19413226122111,98.68743398433273,76.33196756075708,43
P_499,-50.59352567664315,14.114629052691072,-90.94671310160692,71
P_500,54.38451545416319,50.81557256340648,-18.718825085360606,173
P_501,-94.0990726212827,-53.10720741836008,-30.852480972386914,176
P_502,-18.0191241834347,92.2828022599623,-32.50852575658578,115
P_503,-86.18447409075476,-79.63311098188956,-56.48290662450965,64
P_504,91.73817864948126,-35.493397837217415,-94.77059882012189,44
P_505,-97.846754813333,-94.3657330434845,36.62221967972897,191
P_506,-94.62393882726192,-73.88798015637934,-14.48366745838021,146
P_507,14.07066297449262,-5.319410041678196,-8.146495413995652,120
P_508,-46.64054655825569,-95.75544944701102,75.59320808602638,11
P_509,-28.979063578219083,95.6300625536563,-93.67346023962888,39
P_510,-57.149585194289585,-41.71855298946265,84.49057301289594,140
P_511,-80.95749592298517,-34.30208350925312,18.712287541878837,22
P_512,39.277863266596626,-21.194079703745203,-86.21612986287522,37
P_513,11.3251840917832,-61.40734525153746,0.5778767445078046,71
P_514,95.2247174899741,9.119708912489472,-82.29079842747294,47
P_515,-2.0229089467165977,-15.220343379250806,48.661697873354456,93
P_516,95.43067895276559,-70.46126946042173,48.23404306771687,199
P_517,61.31963811967566,-36.15002942147774,-83.81038706304162,133
P_518,-22.900026342101242,-94.3465118451529,-19.472675446841862,146
P_519,22.027629328700442,-14.03291983177111,3.4587137881727728,147
P_520,98.56992231791739,47.01285777827718,-56.92037307927627,33
P_521,12.534127480704058,-92.88929380514814,-61.51785768450069,62
P_522,1.0416661952922652,57.81004965625027,22.383271172367387,91
P_523,-9.341255675160426,-44.83789788006589,-19.05954318822816,7
P_524,67.74044347411262,16.94011567937399,-55.249369150078806,64
P_525,-24.03037801074342,51.2868925710755,-84.91954625020482,36
P_526,-67.7310579545386,78.79630851888658,-86.99979616584015,128
P_527,57.305456916497604,18.518571549347286,-66.25834918969133,167
P_528,71.4474690902702,2.373386584091719,-4.308624026625068,124
P_529,-92.99592356808996,98.32265744164849,0.464645571157547,30
P_530,-31.481459965246316,-35.44507739581921,62.2971939592004,117
P_531,46.68271099626301,-7.104626291099308,44.68336015059086,61
P_532,54.76960181078391,-18.76409185346685,39.749657253579215,190
P_533,-84.3263820567262,35.97878535732474,-10.303031157380829,9
P_534,-73.6060239643223,-10.856441646359457,-33.07553839184092,168
P_535,-74.39269416954753,-17.206391944920554,26.201063144314915,130
P_536,-96.12274847073041,34.293076894019094,-95.08164562503731,56
P_537,48.41325272756853,53.32038830704809,61.995280611371214,118
P_538,-87.70893339682277,-0.34704476052185385,14.441879758281345,3
P_539,-56.98134125622181,25.69700906986516,-21.927569987270218,23
P_540,-71.04134007211226,-20.185977424110035,-82.26415567405907,123
P_541,29.23808966190225,43.370286631278276,38.68510727836454,114
P_542,-57.19995920213194,46.04073374636204,84.57989487107005,113
P_543,-38.60629652618306,-78.27999257353028,79.95487955315039,96
P_544,81.77054363374708,-3.790197099931575,50.165581385627775,171
P_545,-86.4635550835398,41.27634797810913,27.839864768156275,167
P_546,11.147434852293884,-0.30704315908192825,56.48668300667751,106
P_547,-30.57882225284429,-29.925493175151388,-31.501905285082614,29
P_548,7.1305653546808685,-48.02085131724591,-61.604321123904015,55
P_549,25.747784111284133,25.719840702115675,90.3201013756914,121
P_550,65.85322115564091,39.72207054203406,-56.235708464117316,166
P_551,-14.18092923379426,-17.16551391306605,-5.0040323033659035,136
P_552,-53.42668693457797,80.9051709255452,65.4376595138715,188
P_553,34.30203868741762,82.99937756469603,-49.62085570678833,74
P_554,-4.351744128758213,-60.83231475662701,-53.261634120331024,35
P_555,-89.26279266183667,41.708627215166814,-48.53063215255702,64
P_556,22.172199966745353,53.1319144316586,-7.70658094536374,43
P_557,-2.4405701348593,43.604180404040534,25.79912647197831,28
P_558,-95.08022541642316,-17.186348582308767,-8.711036229002872,11
P_559,-21.330575147906615,88.11335377754196,51.646705224994605,170
P_560,83.33888274122214,95.48888567003462,-10.942650984589704,174
P_561,86.57652063991972,15.598881264232162,83.31036069489522,1
P_562,-94.98629663090037,-54.95500869413927,34.988375754245595,12
P_563,-18.293420122618727,-0.8615813921749833,-23.40922085179686,43
P_564,64.06793153711533,-7.0980655664652375,22.472219908910105,136
P_565,72.98683294052361,-4.62536779739338,35.33835591508415,135
P_566,29.336853292205973,14.591640314442273,-61.47817554805215,33
P_567,77.71427472904836,-33.69688259361685,65.92787805250651,185
P_568,-89.46463402200011,30.965564007691114,45.72754160296603,182
P_569,-84.88667549008031,-66.82117589337167,-70.96123235808143,179
P_570,-36.823214267531434,73.19191496829657,56.20334218689612,5
P_571,-86.35734613823958,78.95818131257593,69.56737990613615,21
P_572,-39.75482234947884,35.18668258708527,-75.50009689681534,62
P_573,65.06092829607738,-42.19816666186871,18.725223009124647,127
P_574,29.195386728728295,-71.40269000568446,-37.554854073938216,40
P_575,-69.02545088498222,-83.14403585680637,61.50617306133165,33
P_576,0.3499951453359813,6.950718528151683,31.126946280482656,81
P_577,60.75153468507838,55.20651772251804,-94.23022261500962,60
P_578,-66.77552994030746,7.439991449033883,26.795455456532835,187
P_579,-81.90586005398106,11.091220478751168,82.47426793914838,15
P_580,9.406730493138411,74.58157427640103,92.88541646739901,39
P_581,14.446518678282132,6.073960146437102,-99.87442359428175,146
P_582,-96.15387641426527,60.140448040794894,22.772563988512502,187
P_583,-25.79350220097332,57.33528171942706,-76.59942149041501,76
P_584,24.833114513646137,23.990955219472497,68.08563491901751,95
P_585,37.711385403240115,34.914828493490006,-67.2755583239475,61
P_586,-97.83106349583306,-42.121732446777436,-91.03313366951711,15
P_587,14.429996022721852,61.93420956281997,46.86978590954135,175
P_588,-22.45960829559239,-95.46118632555161,89.47920556721445,185
P_589,20.814956419669258,-33.664346353712844,-53.66972454490464,142
P_590,-82.10018057426818,-4.305702337032784,-46.36684993939624,146
P_591,-69.34517143247226,-96.76330349291953,-79.12493390429299,196
P_592,-24.398629295515434,-85.72304916392397,-57.65041689836412,45
P_593,-64.88985035996839,8.999959007510256,-99.21468415411788,36
P_594,-22.0111618499935,9.025702802320026,-77.07296347125963,25
P_595,3.4494065556079647,-78.79925064736307,-11.986561167383371,185
P_596,-34.82456888323482,-43.52868336164373,61.25961467076419,193
P_597,60.5993719920734,-35.13160190871464,-40.93299340982781,89
P_598,-95.53367585513448,-16.733705917344594,90.32765685701199,129
P_599,-25.06674450874098,-62.40571310600325,27.578757065907084,129
P_600,-32.87661742088106,82.89882421900847,-67.0034129074106,115
P_601,93.21973107000835,-89.06651621167312,-21.209660105349542,78
P_602,93.85109807896077,-89.41998818077401,68.26486544985588,196
P_603,88.0603332218339,-44.23244674134412,15.786804922830314,109
P_604,87.08180126791859,-13.392646087259124,-17.357636152849665,80
P_605,-84.3461728851559,87.00270241631068,-67.29696357089405,156
P_606,65.56538095189654,38.07700515504578,-2.8154658673322075,88
P_607,-52.00120016053871,10.329603283957198,49.171896054717195,134
P_608,-99.14562727900191,-16.285393740210964,-7.07951097150206,78
P_609,-90.81556981013401,-43.506856326921195,82.90459636274255,172
P_610,71.07857615084205,-52.476324885570435,-47.079856679540335,16
P_611,-8.68868186434841,9.815690435183114,65.41395807961757,86
P_612,-12.451882169534855,-30.437112300159612,70.03660614306929,57
P_613,-22.04055549234573,-69.05505852952714,96.4677111366413,15
P_614,27.764226185724027,98.27271147695237,57.775418938797344,26
P_615,-18.64894042581828,-64.27690560590491,-54.11665380396571,160
P_616,90.11396019114434,-2.9727777336797914,40.368171245904875,135
P_617,11.925944841695824,-68.2555375810545,-19.577021765168155,48
P_618,-15.891225498705538,-11.557895611604849,-29.93037675991968,63
P_619,-96.43293196573129,-68.56432119188779,-84.86521532820413,72
P_620,-63.89710436340552,97.8447781111388,16.04874040078184,29
P_621,-64.09590765699562,24.03607532545547,-36.02826232657672,162
P_622,59.66811012047464,-76.24312458842822,-35.068625710390904,63
P_623,-97.91370035833384,24.972124853020077,-88.64128887757595,22
P_624,-72.76757084818684,-48.09702007575449,83.68657610833867,131
P_625,75.05921039313003,58.151657171367845,-8.985588147133242,91
P_626,70.73421773739892,46.520051942192765,58.43971964374296,104
P_627,10.673332397026016,70.20209390531397,-99.88088619988686,78
P_628,81.93661776108041,-23.088599823297457,24.847451820078348,114
P_629,41.98990690609034,-60.333406147435696,4.2941400351654835,140
P_630,65.19346574829359,-25.230756143483163,-14.755834367715167,18
P_631,-85.32955060168206,-98.90444737207409,-8.033963269323834,115
P_632,-91.22453047987788,91.10730958320065,-39.417051168795744,43
P_633,-62.795996241993656,-57.50130988312314,-69.50466820779388,5
P_634,-68.38872549570729,75.2931809480641,5.548842629036187,182
P_635,-25.858338384407034,28.876891669369485,-94.102106727712,157
P_636,-50.15923326734837,-42.29455649862317,36.07917793432557,44
P_637,37.603491216118016,58.857185346433084,32.07328485326124,186
P_638,9.265588428443166,13.160394843674595,26.47248410872629,139
P_639,-56.4542700378051,92.62140751718906,-88.0861387840713,69
P_640,70.08092761118684,60.53302526842569,-74.0906107896484,8
P_641,4.0034063649394795,24.232511081287612,59.984586477627175,178
P_642,87.62456453560156,6.958424287493841,-28.571781466498905,72
P_643,-83.12156034106273,85.6343921797494,-41.27792985124958,123
P_644,-20.27341132843752,13.741762713432351,43.98494691228615,179
P_645,-19.769365734961212,71.72651122697485,10.266767520671522,111
P_646,85.06775026275011,60.94708336463279,-6.353573269083938,87
P_647,-37.3619300211739,-69.25553818122555,-78.74265585606028,101
P_648,8.694694144575891,-43.07798071467417,90.18302971590094,78
P_649,87.96380840709921,18.7691236172963,21.71643068048874,196
P_650,-68.66357283075102,-69.02246155219196,-81.29545332698586,113
P_651,49.645850957288786,9.420834504167445,-80.95417982124793,150
P_652,-82.07537255304793,-59.78629216757862,-67.39016535031463,73
P_653,83.2546872771473,-66.08331070875433,-64.73778400145184,184
P_654,-90.31258812335182,-32.4692565438765,38.41921756064076,91
P_655,98.74045258643983,85.52360893500978,-99.37623790204368,15
P_656,15.686306150347363,90.26914276469338,-80.05595625906292,85
P_657,83.19782713187683,-77.04023479371563,-7.548221505227517,106
P_658,23.77518486584613,-24.564820466959574,-89.25883065322083,195
P_659,64.05766645308987,-91.00189957186915,-65.67822862442475,19
P_660,75.09544132935159,-19.022337273080097,69.31586999486504,67
P_661,-92.9369724671485,-59.14966776887216,-77.74344573439237,189
P_662,44.40594258796659,53.72637471502628,28.918078033366356,149
P_663,63.60482074952509,62.080578941411716,-88.49876564136163,22
P_664,-74.57139201872147,80.58082678915537,-10.27985001555605,119
P_665,-5.95963140993139,-49.77196140978444,63.39719612627857,142
P_666,-53.13531204699933,-51.1945307983876,60.842731269686965,105
P_667,78.10879767635902,20.584939127660732,9.864283417141223,180
P_668,-79.98240869526487,83.61391726254561,43.98348191658417,93
P_669,97.78333214036195,-87.95219552135949,99.40326585123384,116
P_670,-57.000185210534646,75.72418884771159,57.8365553649661,169
P_671,-19.47297120329094,-96.90209538915866,-48.109753117573774,100
P_672,-68.92782284840733,22.995428839548396,85.60776179131418,132
P_673,-30.668458065858943,-91.30296081808096,68.09462040286391,43
P_674,65.19317461334077,50.961634437560804,23.165415132331304,51
P_675,-29.316895753737924,56.264772419075655,-78.97495311354506,87
P_676,-95.73775909435705,-12.215707503420688,16.91682583293985,23
P_677,-97.40477885940781,99.54370929307609,-40.63636464074787,84
P_678,-17.188486100467287,-61.68680016537507,-63.51289928417834,97
P_679,-34.945277151801406,49.42338208107731,-89.92622366652986,18
P_680,56.22327681402183,97.10048107553516,-14.111301593304688,20
P_681,75.86991455657994,84.60020219993953,-8.322720797849698,161
P_682,11.616213039770258,-36.251000767814425,5.712111853239435,8
P_683,-17.047730630519894,93.89607440954705,-68.96683795818537,106
P_684,38.551268839374444,-12.577390384539711,88.69840495925408,173
P_685,-3.1384742593231465,88.83155395013111,21.922650531883846,157
P_686,-79.30583043775712,17.861510060426383,-67.01879089119277,194
P_687,76.46369123525452,74.3382150463471,-58.494482182962116,139
P_688,-44.02793721056699,24.79107586769271,90.88311336057367,188
P_689,-42.830509820375994,-71.88541995190576,28.52899044272837,100
P_690,-25.47631390610246,25.35107594734025,1.6005242327246947,19
P_691,22.629878803009944,77.49937424748165,-26.152904340088583,53
P_692,13.294669821988919,-11.84032142537599,-54.54818914567685,131
P_693,56.01004537294551,2.4233341839277927,67.69564966039329,190
P_694,-16.497158388905405,-80.33883820932934,-25.564974280068782,11
P_695,99.79905233881743,12.778360075833774,-8.772424349654415,12
P_696,22.99880668464982,1.3668336016040286,97.711975541183,34
P_697,97.6106689812018,-34.74741010272602,71.37773791688545,195
P_698,-46.77681324500094,1.208673381180006,-29.724232100678066,164
P_699,-57.48412482562346,-14.541679837672007,-73.98222647774608,4
P_700,81.92099564629964,25.984968193951175,-66.85178289829818,109
P_701,34.79423421801857,95.53442290668153,-45.21868332702592,193
P_702,33.079218305918545,-60.061126820751376,-8.147463263725044,177
P_703,-63.27957555940122,78.6558827587537,31.831806403889658,130
P_704,16.39913985747272,39.8550079614337,-55.70960945134693,180
P_705,5.883616803627618,-32.50405159178264,-60.99343428552495,182
P_706,41.61832851029288,-81.08422902302397,13.73089145890718,96
P_707,56.39883119130903,-66.69162375514834,-38.4178066552439,153
P_708,-58.367506430818786,98.39385024851515,-44.59296823293914,114
P_709,-89.85816181711749,-46.51846826377437,-7.0911733742848355,51
P_710,-51.42104624470007,-91.42681584973964,5.097556931182254,159
P_711,-3.172744466055974,-62.455588723704736,28.97919855970548,159
P_712,15.121216883015933,62.265192450327675,61.26280146068467,113
P_713,-59.14330684947002,-87.02711873309357,14.210384328367411,35
P_714,-3.966996394451286,-82.89926292797017,38.214573877217674,5
P_715,17.56379148417861,85.09372226008841,37.382521983781345,189
P_716,59.54364873237415,51.76796078016616,35.36764918909367,145
P_717,4.336354055672587,-58.476895749629286,-55.512732332271185,115
P_718,26.336581332178426,66.46414588578199,68.06427909573344,135
P_719,20.281022904273655,6.043022692791908,-4.199932795251797,155
P_720,-6.30439044612659,-88.33797767060449,36.295299943927006,104
P_721,71.6149482640649,-50.854383068959955,-23.591594816945232,68
P_722,-88.7172544172975,95.13486017147949,-59.42139574534022,8
P_723,-13.367584398130646,57.73788114351285,41.758918693920776,166
P_724,65.78103039883595,75.21264460623183,-19.34580835046758,177
P_725,-18.330588558343308,60.5971021677272,86.91918663380682,171
P_726,9.978804603654126,-4.528348196526878,79.7701972248916,193
P_727,-19.842607210550682,-56.9033062818671,59.825345419339584,158
P_728,-35.43272505877677,96.17996034303803,-52.15700370146088,39
P_729,86.05564429550307,-80.88306299733053,-73.16730379994556,30
P_730,25.619506913985404,69.95493122245281,97.55905207479194,173
P_731,-7.967072644417982,51.107118266605994,5.600433274277705,5
P_732,77.43761497309504,18.894504307221283,4.30090761836243,3
P_733,-93.68929561425124,-95.33351946349488,-93.67834406946511,44
P_734,44.381583252177165,72.98973565344502,39.71824658454551,157
P_735,39.5957546559315,77.40531486859282,46.90211141559604,59
P_736,-77.74836430749225,13.946773096444659,15.439399658305476,197
P_737,-12.007799412267417,96.66184374144905,42.74345091591755,192
P_738,4.07315508790785,-35.47032915667366,-45.70925018300584,36
P_739,73.273127680127,20.213766402113166,81.88045547565721,80
P_740,-47.49779944484012,70.5398782223372,-6.503176465022648,111
P_741,-79.36022169390218,-13.802546714885281,30.451664950100934,131
P_742,72.81383737462937,82.57233857744609,-75.75630122974258,121
P_743,72.3505947016618,-23.365271909369014,15.307358466851625,80
P_744,59.33224271100087,30.568214698487395,-67.6691002881277,60
P_745,49.804077043940566,44.3300010022796,-97.91973544470811,141
P_746,-29.664858313665917,87.59346153338711,-23.93605908882199,97
P_747,64.30611667142841,25.512437135489563,13.759233282622603,83
P_748,-63.92004729217518,-4.485956099005577,-96.69896896115344,139
P_749,-45.36619249476419,-18.157482886235442,22.347311463073055,21
P_750,-31.171762920894125,46.99959864732631,12.917692862397772,173
P_751,75.39163007427311,1.9679051211042946,98.6481703702454,102
P_752,54.362632529271025,-28.755762345610393,-4.3755311023801085,103
P_753,6.379711123269672,88.58169423512999,-44.75003621881499,26
P_754,49.15455760915805,84.07136691180611,70.37549318625003,4
P_755,-6.035095480748339,-47.3711463075311,30.826531558786826,192
P_756,-38.124988485909505,94.14939515649274,29.59024347225281,179
P_757,37.07668100004017,-28.192044282819893,-23.238111748171676,2
P_758,-88.8991662239279,97.7869832828093,13.163751883630326,84
P_759,30.619303292858746,14.058867171762216,-27.850068513106535,32
P_760,55.96584156771044,-30.19959554825087,-96.96983145972618,143
P_761,-88.77457767926964,-6.519687746005403,-98.66739144516698,48
P_762,-38.641238688222316,-52.351053563932396,-53.742827668585406,57
P_763,-8.164479788071375,67.81092431309028,1.3398649773751714,9
P_764,-15.925446304918694,-72.0773862840789,2.99372336631032,99
P_765,-30.135611880857766,52.420684312066186,53.66513909315759,173
P_766,78.1624408736684,64.9200406017199,97.42581565280574,176
P_767,74.3629828378748,-95.15592589970379,98.93058163652702,88
P_768,-15.448273888414562,-36.86761792218618,28.729430815024557,97
P_769,61.58948871240554,79.82053211912833,-47.916189508096394,31
P_770,-60.45669129223683,93.95560977074769,10.298208305518926,93
P_771,1.5867100883690597,39.26618384523772,-55.42588471461896,112
P_772,-22.76876453663843,-9.73807350217028,-78.289269777628,11
P_773,-45.8808405993528,-41.81952042885162,-31.349797659261398,135
P_774,-10.181269943654698,44.97564225975154,91.26301082070464,148
P_775,35.901030289284876,-29.03478028107658,73.8172758053951,185
P_776,-44.988072528259046,5.4800258311193915,72.85910907440481,124
P_777,91.56616210196671,-44.16860877040876,47.098274616217,44
P_778,22.591163414944873,-54.50482404969876,-74.93266302784012,111
P_779,-91.3171778465773,-1.9915494238627929,3.4686602234615123,150
P_780,34.72368159938293,-43.70220515823409,95.54470553861037,158
P_781,-29.480194123291128,-99.85622943950014,-0.32369839480452356,21
P_782,-59.143105972245635,-68.92954488481662,-60.2803912559887,181
P_783,-30.514182178453638,-25.53874560877422,-32.42425706161558,67
P_784,15.296503156186475,77.03325253233317,-96.30446107834163,4
P_785,-78.8974708777257,-47.15456963815245,-66.92573532369181,112
P_786,64.07234884769684,-15.98783438792249,92.9820742171838,106
P_787,25.82473621892649,84.9625702893521,-73.42325847486254,143
P_788,19.88184907338318,-84.69221492085497,-42.3320156122005,104
P_789,21.386767914875165,90.35959221581129,49.80089281959556,152
P_790,-61.33219795427938,-70.46004396452732,-86.19887466008352,69
P_791,-36.52603691517591,50.91054467870194,-27.221395623397783,137
P_792,29.594343775987454,-2.4177241131862814,-68.41155143012702,84
P_793,12.75340822446978,19.473315085063874,98.52738752065008,78
P_794,-70.26185553577022,22.26553888856367,-85.11744120335585,43
P_795,5.097555688587647,-23.317588830944572,-33.90672781283767,172
P_796,-38.31555381091991,-87.55742877617921,81.60699601152538,198
P_797,-44.33957715640453,60.039434207033224,10.335091072332418,99
P_798,17.663407486002015,27.912284104397926,60.26683054194987,94
P_799,9.056830343710914,-72.94624216871264,52.940754448506254,22
P_800,-2.2295973940130693,36.51292145692992,-13.552074621569204,75
P_801,-7.878119880766434,28.00883196698655,92.9829811497159,188
P_802,5.992729406645751,64.59957623582974,97.42760759394884,197
P_803,-28.63062942879408,-82.37525281552836,-2.665131394819653,104
P_804,-40.4990141960708,-30.744928588411824,-48.20507879062761,192
P_805,78.84320001007032,-51.545107057996596,0.45450521923315534,189
P_806,-18.638792446039915,-64.25995462411387,60.33795586993472,28
P_807,-44.08286012916458,-92.57826631665623,-96.75344945239071,61
P_808,62.797659759270516,43.60935738106912,0.16788289073188878,33
P_809,11.937642353309826,3.0073796133327306,25.546518538209213,105
P_810,6.7784610347370915,42.66934080541614,74.79815805392258,33
P_811,35.17043061836878,5.557496179879877,-6.313915148244604,97
P_812,-42.67781563334525,30.902016440190266,-49.92427330815483,53
P_813,-51.926111977454916,-18.734823159869535,-58.3229545280584,66
P_814,96.67155653933003,-37.2739907187774,85.78522596364868,3
P_815,-76.71333296531748,-25.43932653207979,-18.7356822562855,7
P_816,-49.91304505529421,-92.70460348672054,59.31715922870609,170
P_817,83.64242751813441,3.749791941785972,-55.37189233412481,65
P_818,-26.260681077852666,-43.55961762822113,37.38696675601477,91
P_819,44.07487683786138,99.66014979505636,-98.13192949205222,140
P_820,32.055042441622334,-93.77418644051447,59.13039427944295,120
P_821,-57.59580595123008,-51.99323186451048,69.41098878697827,128
P_822,32.60601926522429,77.25459077415454,60.82324624177954,199
P_823,-37.07518530640623,17.758379494985107,51.56844678188273,190
P_824,47.6746011475781,-0.32329653160294924,-67.37430575642006,146
P_825,-90.8751622294779,89.06467579613008,6.623642152038684,164
P_826,-76.82668599609514,-38.48720952543041,81.32008554766469,140
P_827,-73.01727330857635,-78.16262897639066,-97.79518281950644,75
P_828,85.0328524839764,-66.03131605314016,55.36867589410548,81
P_829,74.17876939531143,-50.643422277775805,-98.94519502076787,55
P_830,54.63142646983886,32.817181678469154,-68.17215556823228,158
P_831,-18.251895623620086,-13.432846446449204,61.15443894321868,123
P_832,63.79369837973553,-80.70158526583512,40.70944572319942,18
P_833,13.704453617062697,35.52976403310012,15.363958965284112,192
P_834,-16.865229110153763,-50.830071442564595,-89.47215061637206,158
P_835,87.76207545467497,-66.47734986287082,99.64410892732553,107
P_836,-34.20309182268004,-89.29020376600329,14.223992529232234,173
P_837,5.129155302108003,-74.75708593398242,30.364854680419285,22
P_838,77.40298777986632,9.847709232211301,-77.52675726297396,41
P_839,-79.58874737137738,-74.78915022398145,-88.68837826143874,75
P_840,-68.56422402048732,60.99240466311363,-38.9278333704453,199
P_841,-97.1484034922342,-0.22404341941326322,-30.573416150602938,184
P_842,82.78473969500118,76.36520189388386,28.20548574986944,56
P_843,-45.5545544821343,-36.09479278594454,-91.03878696889095,96
P_844,-8.875573881158843,99.17253178832604,-36.5734144717931,111
P_845,32.29924231731982,32.491997595970304,-29.632933437212188,141
P_846,-90.5617227480271,-9.955058448109227,-47.512973233019,36
P_847,-8.195185298177591,88.84123156936667,77.66360896162169,55
P_848,44.59940775083419,21.842095715296878,-8.690197550880569,171
P_849,-22.535916736783236,-34.99881325950001,26.06291855766443,104
P_850,59.37735797924199,85.8877569719516,-4.145803159501199,136
P_851,61.26116810336171,51.93560441792931,-29.568500068998645,170
P_852,-8.488287247657908,-40.96440173579141,91.9045916076287,91
P_853,-65.76569822817308,10.843434798067221,67.29713859343673,130
P_854,53.91072548399583,36.33935998977179,-79.53295250595953,68
P_855,-2.48526138388776,7.886045692979636,81.1836680640375,0
P_856,47.65957466343883,67.9941534541286,-36.65174924640384,134
P_857,68.88316437941819,-77.05996137194154,-65.80747387381984,35
P_858,-25.28874325981134,-70.23185168622055,-56.684030048692044,46
P_859,84.46507268323703,44.68310344130742,78.00363757116847,126
P_860,13.458088341728342,48.636986085419096,-30.854522984597764,149
P_861,15.236836273759295,76.99940092525185,49.22006495173784,6
P_862,66.42011501994105,68.12375145794397,-81.52367782553418,160
P_863,82.70138131641005,72.13146529810743,94.67220330122265,70
P_864,53.96209842133004,91.0032886063027,55.723995152794544,179
P_865,52.64668226470951,-76.88449252359297,95.28395634396765,159
P_866,-94.36118087499167,48.62322318560646,22.975855816810594,80
P_867,-7.293201914899328,43.591976462739694,54.3073668819446,39
P_868,-94.80505235317204,69.72526692532827,-19.239973889972674,131
P_869,73.6163105717938,64.62475520413571,4.172914446922249,151
P_870,-40.813383586539345,-20.685608518873906,70.61585868582426,158
P_871,-7.3420330426117175,-3.960084156025289,-69.55953933925193,124
P_872,76.08339826575508,33.63794624544724,-81.16758382610074,56
P_873,-45.960653964803065,-27.461017177015165,-91.41055453934048,159
P_874,-18.56264818287137,4.450822323549474,-42.18709386127559,23
P_875,32.981537139503075,-5.32957914578121,62.708499936796755,69
P_876,-81.93522926891802,-72.737003222704,35.20206957770213,126
P_877,75.06379807307653,-6.369876333625186,-13.352286884617143,184
P_878,-71.52163950763541,30.668171477840843,-13.91748308071044,189
P_879,-7.754060248472712,50.19344187456761,81.39720146308437,55
P_880,83.8775306752288,63.292785688512964,43.54295869949502,141
P_881,-35.10482779761112,-26.718683514042453,-13.243199403905592,93
P_882,93.55121497836745,85.73772498202072,-57.719234161979614,20
P_883,-55.985948376675786,-52.989851259281,62.804793181245515,21
P_884,-58.09521173039809,0.6624740913691909,-78.20527661473912,192
P_885,-40.486522218698084,-67.85801252895544,18.025726820240237,195
P_886,-58.0355304251009,-4.80123630355817,53.369235776260524,167
P_887,-23.600698873431796,21.713060944755114,-94.35132219211913,0
P_888,1.3800542554439659,-98.40623727403164,-47.515631054679375,63
P_889,-79.4914848355565,-10.089635966818648,85.51487568758907,86
P_890,-29.575772149734192,-1.9848267691303647,37.61172204687696,50
P_891,70.64952045519723,77.93904035017277,68.9922882938281,73
P_892,-53.82072499020525,30.30601462157304,95.8731409650022,166
P_893,-89.0721633153124,54.00341161657116,67.87591061308461,131
P_894,75.45644634618657,51.72317399074015,-16.70710972877019,68
P_895,54.91801928542483,4.287331033212993,67.87568718972256,151
P_896,-20.71283308437924,-94.13779044879465,-51.98878787627761,147
P_897,-48.819766445338296,92.74618504672313,-59.23932224176382,172
P_898,99.14354833850615,2.961726514637604,48.9419874554188,14
P_899,-29.105194268426146,27.08535630335267,-66.39024961404441,24
P_900,-57.58287772996884,-5.1838530292167775,-82.83744403360839,186
P_901,-60.618612767658966,55.50253631071868,-79.31463889973358,22
P_902,-50.58136652279597,-35.524910565102005,18.083200423927252,104
P_903,70.64936052859403,-27.748428036146677,-49.379359073659465,175
P_904,82.6182678914603,79.62599545498114,-64.01329242660631,162
P_905,23.133331921810637,-21.981422541356622,5.686825088298747,191
P_906,-36.29420195954927,23.647918244594862,55.407172092542766,161
P_907,-66.71666556702216,89.28777873443633,-60.2266676484063,58
P_908,-95.64843408197873,-15.540956479477884,-24.081002343894184,115
P_909,-17.086783915799543,-75.60152558762456,8.918650226454773,169
P_910,-36.46197592472697,88.12161889037671,31.014239251800717,140
P_911,-21.633257800732935,-32.44478920806077,-24.17929370067702,129
P_912,20.847543893217562,23.942506598307304,-16.088771252289717,184
P_913,95.78738634026917,60.576635409875536,-97.20278769655056,198
P_914,79.77193440664189,54.90079655412464,64.47497524402633,30
P_915,-69.54597842165072,15.864743229382142,-61.869264183668335,2
P_916,34.363951435254535,87.86686912785146,46.767833505050845,197
P_917,-21.132494356046877,31.91903218412085,13.694505952906638,166
P_918,78.35142153206698,1.8668297071357216,-69.76443761804067,78
P_919,71.07050013264148,90.5617214776095,28.163095667431435,134
P_920,6.554937790919354,18.27885021337063,-93.16494962326338,169
P_921,-64.3223671903512,43.907555537069385,73.90105948250041,111
P_922,76.28822297205303,72.09828972944655,-34.14641970731094,67
P_923,19.760050112491243,-95.11400612564702,-55.735940097228706,27
P_924,-59.164902930313886,5.927370957651036,-51.33455015715474,133
P_925,-75.00763893741498,68.42644844899942,5.43753760188504,10
P_926,27.690328108022527,-61.02821444109547,17.91462305372555,81
P_927,5.98316290224345,-84.3112346224676,22.21279366927493,199
P_928,-41.37037138245374,14.217023029708201,64.91371848163726,102
P_929,-23.378335810831445,5.383001835079142,63.93526316962809,27
P_930,-62.507318774339616,71.95094749105519,-19.787149633850333,171
P_931,60.60276257940751,24.57491964114608,-10.831925465861005,65
P_932,39.41498827702719,23.752092677929355,-67.13492411300132,118
P_933,17.638330840191102,-89.56169527903732,-0.2869523891972108,47
P_934,26.41763499162441,-27.61523804957406,7.7174948911163455,171
P_935,-44.83883203508838,-70.44499671079825,-14.137467245599524,143
P_936,26.317551222237228,-27.57743541370739,-9.028599089636131,185
P_937,69.24667282950742,40.021110495834535,23.34787971824693,78
P_938,-68.94064443077106,67.49628433916564,-67.41215616331564,38
P_939,9.763594573417407,-73.56846455020087,38.81505328188476,8
P_940,2.1589288734419796,-55.42071047673625,3.9238738335079404,3
P_941,80.89814007921203,82.59069473839057,48.59104317304519,160
P_942,-19.53782485853357,-75.11848836863402,-55.10840865552813,20
P_943,-86.01747092436207,51.18323021778565,-42.097604930808764,85
P_944,82.82035288332438,-57.56694399401836,-62.06552299714774,61
P_945,-69.35230499258171,20.985142967446265,-8.850475218563929,150
P_946,65.19400215172018,5.163598474462987,89.485293917592,149
P_947,67.66389401859857,85.57825678974632,-93.18611419618401,69
P_948,-82.78484804935344,-61.76094853718197,-67.34281037691585,17
P_949,-50.515490244725505,-13.59694038712955,-26.271380773535853,185
P_950,-23.90402922276907,88.38741808287517,29.33349774864172,71
P_951,-96.27293872698542,-68.25446262420833,-68.22021788288154,35
P_952,-28.35109744573508,-88.2597853604051,82.011218526753,74
P_953,58.945438149449075,-17.746943278343892,79.64302595991049,15
P_954,-87.57689418495636,99.14135775657203,-97.49121838566921,124
P_955,45.175703840613124,-2.5240941123475125,-40.087988038521225,130
P_956,-53.34492966666291,36.27348084192934,-91.2220999801755,167
P_957,88.76055551294158,-95.17919803041406,-39.75716426435607,105
P_958,15.325307165571317,-84.75435220992516,46.21781168146461,2
P_959,78.15999778719487,99.10942752903091,12.990322469216963,113
P_960,22.619171412772545,-8.132047745028757,32.11548599297677,197
P_961,-25.760176433880446,97.36531866614959,15.615622045726013,116
P_962,-76.81330540937486,-41.721037929066476,13.534402454763779,118
P_963,57.916049578177564,-90.00897854182857,-49.45547092292622,144
P_964,-9.992580232872598,-46.877538717930946,-20.181144833227194,139
P_965,-94.14244286005467,-99.93972027377728,23.46671419833504,72
P_966,-96.6086091796707,51.336580301343304,-77.66678112286196,134
P_967,-12.533910497475546,48.73481658733314,36.32975597162164,7
P_968,50.480813349460135,-23.720412787181402,-0.8123004075085021,55
P_969,94.39448532749813,8.106219150120324,33.227594791090524,168
P_970,89.71688609393223,-67.88989535005632,-12.061586361817419,186
P_971,-13.125704670214702,-34.26533143698147,-76.91408753156728,197
P_972,-48.91722231869202,29.77915223681262,86.599962766642,183
P_973,55.25807218310854,-61.620495140855745,86.58560297419154,122
P_974,-3.2929375087972943,-13.018857966294789,51.190214854500795,17
P_975,-38.39632478019433,-39.79188213394049,10.915298728065977,55
P_976,75.75325899437635,-67.20374890969427,4.871911550279307,101
P_977,80.68862823340967,77.56888772443028,-82.72194461293634,115
P_978,6.288935778135212,97.70708873523668,26.040318936795146,33
P_979,-66.4174966850761,1.0142167613600463,-37.0587842843789,150
P_980,90.66220472026836,17.77144792993228,65.8952476613643,93
P_981,24.929091432826553,-38.90050828330649,-50.86993688799295,164
P_982,31.912526400666877,45.082340736756606,95.56677426761905,121
P_983,-70.02483960712655,-91.25836841175033,-61.03392708215121,166
P_984,51.08410857199533,-80.67560252488198,-26.228911898548162,46
P_985,9.73481363359086,12.165545338288354,90.4592057522085,136
P_986,-62.33794301031621,-76.79797303632323,-43.444604821984065,154
P_987,95.87970852791551,-33.200413960503,-35.42196086453005,150
P_988,-62.45728749128332,28.881396660731696,-24.26388076724804,98
P_989,22.82647247258926,96.0109895673832,92.02575692790839,90
P_990,94.51933500172407,-30.217960410302936,-31.33060715888844,56
P_991,10.401280374980644,-69.51640111949644,88.2408352601899,127
P_992,38.66271050181339,-29.481961129991703,-21.63376406336937,101
P_993,75.84577061778774,54.38557689174658,-5.315018164622103,69
P_994,-41.24356389097732,7.097032961804302,-78.08298557016344,10
P_995,-80.21076958257774,-92.55482631525255,44.98310340524182,122
P_996,-71.89517357600835,-8.581402244006114,62.75509325261922,112
P_997,-55.183265149917645,-87.81176329564349,47.608714184072454,134
P_998,-33.995966642646366,39.0941684505342,-81.00864257723892,110
P_999,17.157308889728355,48.07132404164173,32.90832710235472,194
